{
    "name": "ebcaptcha",
    "title": "ebcaptcha",
    "description": "A simple and lightweight jQuery plugin for generating and implementing captcha inside a form",
    "keywords": [
        "captcha",
        "logiccaptcha",
        "forms"
    ],
    "version": "1.0.0",
    "author": {
        "name": "Edon Bajrami",
        "url": "https://github.com/DonDi1989/ebcaptcha",
        "email": "edonbajrami89@gmail.com"
    },
    "maintainers": [
        {
            "name": "Edon Bajrami",
            "email": "edonbajrami89@gmail.com"
        }
    ],
    "licenses": [
        {
            "type": "MIT",
            "url": "https://github.com/DonDi1989/ebcaptcha/MIT-LICENSE.txt"
        }
    ],
    "docs": "https://github.com/DonDi1989/ebcaptcha/blob/master/README.md",
    "download": "https://github.com/DonDi1989/ebcaptcha",
    "dependencies": {
        "jquery": ">=1.5"
    }
}